GO  
CREATE PROCEDURE del_all_and_add_test
as
exec del_all_and_add_testClientov3
exec del_all_and_add_testClientov2
GO 
GO  
CREATE PROCEDURE del_all_and_add_testClientov3
as
TRUNCATE TABLE Timetable

DELETE  Services
DBCC CHECKIDENT (Services, RESEED, 0)
DELETE  Doctor
DBCC CHECKIDENT (Doctor, RESEED, 0)
DELETE  Client
DBCC CHECKIDENT (Client, RESEED, 0)
DELETE Address
DBCC CHECKIDENT (Address, RESEED, 0)
GO 
GO  
CREATE PROCEDURE del_all_and_add_testClientov2
as


INSERT INTO Doctor (Doctor_Name,Telephone) VALUES ( 'polimîrf','88005553535'),
('zdoh', '880053563536'),
('zdoh2', '880053563537')
INSERT INTO Address (Address_Name,Address_city) VALUES ('iPhone 7','San Andreas'),
('iPhone 8','Las Venturas'),
('iPhone 9','Los Santos')
INSERT INTO Client (Client_Name,Telephone,Client_city)VALUES ('umer1', '11','and1'),
('umer2', '12','San Andreas'),
('umer3', '13','Las Venturas'),
('umer4', '14','Los Santos'),
('umer5', '15','San Andreas')
INSERT INTO Services (Services_Name) VALUES ('1'),
('2'),
('3'),
('4')
INSERT INTO Timetable (ClientId,DoctorId,AddressId,ServicesId,[Data],[Time]) VALUES
( 1 , 1 , 1 , 1 , '01.01.1753 23:59:59.997' , '01.01.1753 23:59:59.997' ),
( 1 , 1 , 1 , 2 , '01.01.1753 23:59:59.997' , '01.01.1753 23:59:59.997' ),
( 1 , 1 , 1 , 3 , '01.01.1753 23:59:59.997' , '01.01.1753 23:59:59.997' ),
( 1 , 1 , 1 , 4 , '01.01.1753 23:59:59.997' , '01.01.1753 23:59:59.997' ),
( 1 , 1 , 1 , 1 , '01.01.1753 23:59:59.997' , '01.01.1753 23:59:59.997' ),
( 1 , 1 , 1 , 2 , '01.01.1753 23:59:59.997' , '01.01.1753 23:59:59.997' ),
( 1 , 1 , 1 , 3 , '01.01.1753 23:59:59.997' , '01.01.1753 23:59:59.997' ),
( 1 , 1 , 1 , 4 , '01.01.1753 23:59:59.997' , '01.01.1753 23:59:59.997' ),
( 1 , 1 , 1 , 1 , '01.01.1753 23:59:59.997' , '01.01.1753 23:59:59.997' ),
( 1 , 1 , 1 , 2 , '01.01.1753 23:59:59.997' , '01.01.1753 23:59:59.997' ),
( 1 , 1 , 1 , 3 , '01.01.1753 23:59:59.997' , '01.01.1753 23:59:59.997' ),
( 1 , 1 , 1 , 4 , '01.01.1753 23:59:59.997' , '01.01.1753 23:59:59.997' ),
( 1 , 1 , 1 , 1 , '01.01.1753 23:59:59.997' , '01.01.1753 23:59:59.997' ),
( 1 , 1 , 1 , 2 , '01.01.1753 23:59:59.997' , '01.01.1753 23:59:59.997' ),
( 1 , 1 , 1 , 3 , '01.01.1753 23:59:59.997' , '01.01.1753 23:59:59.997' ),
( 1 , 1 , 1 , 4 , '01.01.1753 23:59:59.997' , '01.01.1753 23:59:59.997' ),
( 1 , 1 , 2 , 1 , '01.01.1753 23:59:59.997' , '01.01.1753 23:59:59.997' ),
( 1 , 1 , 2 , 2 , '01.01.1753 23:59:59.997' , '01.01.1753 23:59:59.997' ),
( 1 , 1 , 2 , 3 , '01.01.1753 23:59:59.997' , '01.01.1753 23:59:59.997' ),
( 1 , 1 , 2 , 4 , '01.01.1753 23:59:59.997' , '01.01.1753 23:59:59.997' ),
( 1 , 1 , 2 , 1 , '01.01.1753 23:59:59.997' , '01.01.1753 23:59:59.997' ),
( 1 , 1 , 2 , 2 , '01.01.1753 23:59:59.997' , '01.01.1753 23:59:59.997' ),
( 1 , 1 , 2 , 3 , '01.01.1753 23:59:59.997' , '01.01.1753 23:59:59.997' ),
( 1 , 1 , 2 , 4 , '01.01.1753 23:59:59.997' , '01.01.1753 23:59:59.997' ),
( 1 , 1 , 2 , 1 , '01.01.1753 23:59:59.997' , '01.01.1753 23:59:59.997' ),
( 1 , 1 , 2 , 2 , '01.01.1753 23:59:59.997' , '01.01.1753 23:59:59.997' ),
( 1 , 1 , 2 , 3 , '01.01.1753 23:59:59.997' , '01.01.1753 23:59:59.997' ),
( 1 , 1 , 2 , 4 , '01.01.1753 23:59:59.997' , '01.01.1753 23:59:59.997' ),
( 1 , 1 , 2 , 1 , '01.01.1753 23:59:59.997' , '01.01.1753 23:59:59.997' ),
( 1 , 1 , 2 , 2 , '01.01.1753 23:59:59.997' , '01.01.1753 23:59:59.997' ),
( 1 , 1 , 2 , 3 , '01.01.1753 23:59:59.997' , '01.01.1753 23:59:59.997' ),
( 1 , 1 , 2 , 4 , '01.01.1753 23:59:59.997' , '01.01.1753 23:59:59.997' ),
( 1 , 1 , 3 , 1 , '01.01.1753 23:59:59.997' , '01.01.1753 23:59:59.997' ),
( 1 , 1 , 3 , 2 , '01.01.1753 23:59:59.997' , '01.01.1753 23:59:59.997' ),
( 1 , 1 , 3 , 3 , '01.01.1753 23:59:59.997' , '01.01.1753 23:59:59.997' ),
( 1 , 1 , 3 , 4 , '01.01.1753 23:59:59.997' , '01.01.1753 23:59:59.997' ),
( 1 , 1 , 3 , 1 , '01.01.1753 23:59:59.997' , '01.01.1753 23:59:59.997' ),
( 1 , 1 , 3 , 2 , '01.01.1753 23:59:59.997' , '01.01.1753 23:59:59.997' ),
( 1 , 1 , 3 , 3 , '01.01.1753 23:59:59.997' , '01.01.1753 23:59:59.997' ),
( 1 , 1 , 3 , 4 , '01.01.1753 23:59:59.997' , '01.01.1753 23:59:59.997' ),
( 1 , 1 , 3 , 1 , '01.01.1753 23:59:59.997' , '01.01.1753 23:59:59.997' ),
( 1 , 1 , 3 , 2 , '01.01.1753 23:59:59.997' , '01.01.1753 23:59:59.997' ),
( 1 , 1 , 3 , 3 , '01.01.1753 23:59:59.997' , '01.01.1753 23:59:59.997' ),
( 1 , 1 , 3 , 4 , '01.01.1753 23:59:59.997' , '01.01.1753 23:59:59.997' ),
( 1 , 1 , 3 , 1 , '01.01.1753 23:59:59.997' , '01.01.1753 23:59:59.997' ),
( 1 , 1 , 3 , 2 , '01.01.1753 23:59:59.997' , '01.01.1753 23:59:59.997' ),
( 1 , 1 , 3 , 3 , '01.01.1753 23:59:59.997' , '01.01.1753 23:59:59.997' ),
( 1 , 1 , 3 , 4 , '01.01.1753 23:59:59.997' , '01.01.1753 23:59:59.997' ),
( 1 , 2 , 1 , 1 , '01.01.1753 23:59:59.997' , '01.01.1753 23:59:59.997' ),
( 1 , 2 , 1 , 2 , '01.01.1753 23:59:59.997' , '01.01.1753 23:59:59.997' ),
( 1 , 2 , 1 , 3 , '01.01.1753 23:59:59.997' , '01.01.1753 23:59:59.997' ),
( 1 , 2 , 1 , 4 , '01.01.1753 23:59:59.997' , '01.01.1753 23:59:59.997' ),
( 1 , 2 , 1 , 1 , '01.01.1753 23:59:59.997' , '01.01.1753 23:59:59.997' ),
( 1 , 2 , 1 , 2 , '01.01.1753 23:59:59.997' , '01.01.1753 23:59:59.997' ),
( 1 , 2 , 1 , 3 , '01.01.1753 23:59:59.997' , '01.01.1753 23:59:59.997' ),
( 1 , 2 , 1 , 4 , '01.01.1753 23:59:59.997' , '01.01.1753 23:59:59.997' ),
( 1 , 2 , 1 , 1 , '01.01.1753 23:59:59.997' , '01.01.1753 23:59:59.997' ),
( 1 , 2 , 1 , 2 , '01.01.1753 23:59:59.997' , '01.01.1753 23:59:59.997' ),
( 1 , 2 , 1 , 3 , '01.01.1753 23:59:59.997' , '01.01.1753 23:59:59.997' ),
( 1 , 2 , 1 , 4 , '01.01.1753 23:59:59.997' , '01.01.1753 23:59:59.997' ),
( 1 , 2 , 1 , 1 , '01.01.1753 23:59:59.997' , '01.01.1753 23:59:59.997' ),
( 1 , 2 , 1 , 2 , '01.01.1753 23:59:59.997' , '01.01.1753 23:59:59.997' ),
( 1 , 2 , 1 , 3 , '01.01.1753 23:59:59.997' , '01.01.1753 23:59:59.997' ),
( 1 , 2 , 1 , 4 , '01.01.1753 23:59:59.997' , '01.01.1753 23:59:59.997' ),
( 1 , 2 , 2 , 1 , '01.01.1753 23:59:59.997' , '01.01.1753 23:59:59.997' ),
( 1 , 2 , 2 , 2 , '01.01.1753 23:59:59.997' , '01.01.1753 23:59:59.997' ),
( 1 , 2 , 2 , 3 , '01.01.1753 23:59:59.997' , '01.01.1753 23:59:59.997' ),
( 1 , 2 , 2 , 4 , '01.01.1753 23:59:59.997' , '01.01.1753 23:59:59.997' ),
( 1 , 2 , 2 , 1 , '01.01.1753 23:59:59.997' , '01.01.1753 23:59:59.997' ),
( 1 , 2 , 2 , 2 , '01.01.1753 23:59:59.997' , '01.01.1753 23:59:59.997' ),
( 1 , 2 , 2 , 3 , '01.01.1753 23:59:59.997' , '01.01.1753 23:59:59.997' ),
( 1 , 2 , 2 , 4 , '01.01.1753 23:59:59.997' , '01.01.1753 23:59:59.997' ),
( 1 , 2 , 2 , 1 , '01.01.1753 23:59:59.997' , '01.01.1753 23:59:59.997' ),
( 1 , 2 , 2 , 2 , '01.01.1753 23:59:59.997' , '01.01.1753 23:59:59.997' ),
( 1 , 2 , 2 , 3 , '01.01.1753 23:59:59.997' , '01.01.1753 23:59:59.997' ),
( 1 , 2 , 2 , 4 , '01.01.1753 23:59:59.997' , '01.01.1753 23:59:59.997' ),
( 1 , 2 , 2 , 1 , '01.01.1753 23:59:59.997' , '01.01.1753 23:59:59.997' ),
( 1 , 2 , 2 , 2 , '01.01.1753 23:59:59.997' , '01.01.1753 23:59:59.997' ),
( 1 , 2 , 2 , 3 , '01.01.1753 23:59:59.997' , '01.01.1753 23:59:59.997' ),
( 1 , 2 , 2 , 4 , '01.01.1753 23:59:59.997' , '01.01.1753 23:59:59.997' ),
( 1 , 2 , 3 , 1 , '01.01.1753 23:59:59.997' , '01.01.1753 23:59:59.997' ),
( 1 , 2 , 3 , 2 , '01.01.1753 23:59:59.997' , '01.01.1753 23:59:59.997' ),
( 1 , 2 , 3 , 3 , '01.01.1753 23:59:59.997' , '01.01.1753 23:59:59.997' ),
( 1 , 2 , 3 , 4 , '01.01.1753 23:59:59.997' , '01.01.1753 23:59:59.997' ),
( 1 , 2 , 3 , 1 , '01.01.1753 23:59:59.997' , '01.01.1753 23:59:59.997' ),
( 1 , 2 , 3 , 2 , '01.01.1753 23:59:59.997' , '01.01.1753 23:59:59.997' ),
( 1 , 2 , 3 , 3 , '01.01.1753 23:59:59.997' , '01.01.1753 23:59:59.997' ),
( 1 , 2 , 3 , 4 , '01.01.1753 23:59:59.997' , '01.01.1753 23:59:59.997' ),
( 1 , 2 , 3 , 1 , '01.01.1753 23:59:59.997' , '01.01.1753 23:59:59.997' ),
( 1 , 2 , 3 , 2 , '01.01.1753 23:59:59.997' , '01.01.1753 23:59:59.997' ),
( 1 , 2 , 3 , 3 , '01.01.1753 23:59:59.997' , '01.01.1753 23:59:59.997' ),
( 1 , 2 , 3 , 4 , '01.01.1753 23:59:59.997' , '01.01.1753 23:59:59.997' ),
( 1 , 2 , 3 , 1 , '01.01.1753 23:59:59.997' , '01.01.1753 23:59:59.997' ),
( 1 , 2 , 3 , 2 , '01.01.1753 23:59:59.997' , '01.01.1753 23:59:59.997' ),
( 1 , 2 , 3 , 3 , '01.01.1753 23:59:59.997' , '01.01.1753 23:59:59.997' ),
( 1 , 2 , 3 , 4 , '01.01.1753 23:59:59.997' , '01.01.1753 23:59:59.997' ),
( 1 , 3 , 1 , 1 , '01.01.1753 23:59:59.997' , '01.01.1753 23:59:59.997' ),
( 1 , 3 , 1 , 2 , '01.01.1753 23:59:59.997' , '01.01.1753 23:59:59.997' ),
( 1 , 3 , 1 , 3 , '01.01.1753 23:59:59.997' , '01.01.1753 23:59:59.997' ),
( 1 , 3 , 1 , 4 , '01.01.1753 23:59:59.997' , '01.01.1753 23:59:59.997' ),
( 1 , 3 , 1 , 1 , '01.01.1753 23:59:59.997' , '01.01.1753 23:59:59.997' ),
( 1 , 3 , 1 , 2 , '01.01.1753 23:59:59.997' , '01.01.1753 23:59:59.997' ),
( 1 , 3 , 1 , 3 , '01.01.1753 23:59:59.997' , '01.01.1753 23:59:59.997' ),
( 1 , 3 , 1 , 4 , '01.01.1753 23:59:59.997' , '01.01.1753 23:59:59.997' ),
( 1 , 3 , 1 , 1 , '01.01.1753 23:59:59.997' , '01.01.1753 23:59:59.997' ),
( 1 , 3 , 1 , 2 , '01.01.1753 23:59:59.997' , '01.01.1753 23:59:59.997' ),
( 1 , 3 , 1 , 3 , '01.01.1753 23:59:59.997' , '01.01.1753 23:59:59.997' ),
( 1 , 3 , 1 , 4 , '01.01.1753 23:59:59.997' , '01.01.1753 23:59:59.997' ),
( 1 , 3 , 1 , 1 , '01.01.1753 23:59:59.997' , '01.01.1753 23:59:59.997' ),
( 1 , 3 , 1 , 2 , '01.01.1753 23:59:59.997' , '01.01.1753 23:59:59.997' ),
( 1 , 3 , 1 , 3 , '01.01.1753 23:59:59.997' , '01.01.1753 23:59:59.997' ),
( 1 , 3 , 1 , 4 , '01.01.1753 23:59:59.997' , '01.01.1753 23:59:59.997' ),
( 1 , 3 , 2 , 1 , '01.01.1753 23:59:59.997' , '01.01.1753 23:59:59.997' ),
( 1 , 3 , 2 , 2 , '01.01.1753 23:59:59.997' , '01.01.1753 23:59:59.997' ),
( 1 , 3 , 2 , 3 , '01.01.1753 23:59:59.997' , '01.01.1753 23:59:59.997' ),
( 1 , 3 , 2 , 4 , '01.01.1753 23:59:59.997' , '01.01.1753 23:59:59.997' ),
( 1 , 3 , 2 , 1 , '01.01.1753 23:59:59.997' , '01.01.1753 23:59:59.997' ),
( 1 , 3 , 2 , 2 , '01.01.1753 23:59:59.997' , '01.01.1753 23:59:59.997' ),
( 1 , 3 , 2 , 3 , '01.01.1753 23:59:59.997' , '01.01.1753 23:59:59.997' ),
( 1 , 3 , 2 , 4 , '01.01.1753 23:59:59.997' , '01.01.1753 23:59:59.997' ),
( 1 , 3 , 2 , 1 , '01.01.1753 23:59:59.997' , '01.01.1753 23:59:59.997' ),
( 1 , 3 , 2 , 2 , '01.01.1753 23:59:59.997' , '01.01.1753 23:59:59.997' ),
( 1 , 3 , 2 , 3 , '01.01.1753 23:59:59.997' , '01.01.1753 23:59:59.997' ),
( 1 , 3 , 2 , 4 , '01.01.1753 23:59:59.997' , '01.01.1753 23:59:59.997' ),
( 1 , 3 , 2 , 1 , '01.01.1753 23:59:59.997' , '01.01.1753 23:59:59.997' ),
( 1 , 3 , 2 , 2 , '01.01.1753 23:59:59.997' , '01.01.1753 23:59:59.997' ),
( 1 , 3 , 2 , 3 , '01.01.1753 23:59:59.997' , '01.01.1753 23:59:59.997' ),
( 1 , 3 , 2 , 4 , '01.01.1753 23:59:59.997' , '01.01.1753 23:59:59.997' ),
( 1 , 3 , 3 , 1 , '01.01.1753 23:59:59.997' , '01.01.1753 23:59:59.997' ),
( 1 , 3 , 3 , 2 , '01.01.1753 23:59:59.997' , '01.01.1753 23:59:59.997' ),
( 1 , 3 , 3 , 3 , '01.01.1753 23:59:59.997' , '01.01.1753 23:59:59.997' ),
( 1 , 3 , 3 , 4 , '01.01.1753 23:59:59.997' , '01.01.1753 23:59:59.997' ),
( 1 , 3 , 3 , 1 , '01.01.1753 23:59:59.997' , '01.01.1753 23:59:59.997' ),
( 1 , 3 , 3 , 2 , '01.01.1753 23:59:59.997' , '01.01.1753 23:59:59.997' ),
( 1 , 3 , 3 , 3 , '01.01.1753 23:59:59.997' , '01.01.1753 23:59:59.997' ),
( 1 , 3 , 3 , 4 , '01.01.1753 23:59:59.997' , '01.01.1753 23:59:59.997' ),
( 1 , 3 , 3 , 1 , '01.01.1753 23:59:59.997' , '01.01.1753 23:59:59.997' ),
( 1 , 3 , 3 , 2 , '01.01.1753 23:59:59.997' , '01.01.1753 23:59:59.997' ),
( 1 , 3 , 3 , 3 , '01.01.1753 23:59:59.997' , '01.01.1753 23:59:59.997' ),
( 1 , 3 , 3 , 4 , '01.01.1753 23:59:59.997' , '01.01.1753 23:59:59.997' ),
( 1 , 3 , 3 , 1 , '01.01.1753 23:59:59.997' , '01.01.1753 23:59:59.997' ),
( 1 , 3 , 3 , 2 , '01.01.1753 23:59:59.997' , '01.01.1753 23:59:59.997' ),
( 1 , 3 , 3 , 3 , '01.01.1753 23:59:59.997' , '01.01.1753 23:59:59.997' ),
( 1 , 3 , 3 , 4 , '01.01.1753 23:59:59.997' , '01.01.1753 23:59:59.997' ),
( 2 , 1 , 1 , 1 , '01.01.1753 23:59:59.997' , '01.01.1753 23:59:59.997' ),
( 2 , 1 , 1 , 2 , '01.01.1753 23:59:59.997' , '01.01.1753 23:59:59.997' ),
( 2 , 1 , 1 , 3 , '01.01.1753 23:59:59.997' , '01.01.1753 23:59:59.997' ),
( 2 , 1 , 1 , 4 , '01.01.1753 23:59:59.997' , '01.01.1753 23:59:59.997' ),
( 2 , 1 , 1 , 1 , '01.01.1753 23:59:59.997' , '01.01.1753 23:59:59.997' ),
( 2 , 1 , 1 , 2 , '01.01.1753 23:59:59.997' , '01.01.1753 23:59:59.997' ),
( 2 , 1 , 1 , 3 , '01.01.1753 23:59:59.997' , '01.01.1753 23:59:59.997' ),
( 2 , 1 , 1 , 4 , '01.01.1753 23:59:59.997' , '01.01.1753 23:59:59.997' ),
( 2 , 1 , 1 , 1 , '01.01.1753 23:59:59.997' , '01.01.1753 23:59:59.997' ),
( 2 , 1 , 1 , 2 , '01.01.1753 23:59:59.997' , '01.01.1753 23:59:59.997' ),
( 2 , 1 , 1 , 3 , '01.01.1753 23:59:59.997' , '01.01.1753 23:59:59.997' ),
( 2 , 1 , 1 , 4 , '01.01.1753 23:59:59.997' , '01.01.1753 23:59:59.997' ),
( 2 , 1 , 1 , 1 , '01.01.1753 23:59:59.997' , '01.01.1753 23:59:59.997' ),
( 2 , 1 , 1 , 2 , '01.01.1753 23:59:59.997' , '01.01.1753 23:59:59.997' ),
( 2 , 1 , 1 , 3 , '01.01.1753 23:59:59.997' , '01.01.1753 23:59:59.997' ),
( 2 , 1 , 1 , 4 , '01.01.1753 23:59:59.997' , '01.01.1753 23:59:59.997' ),
( 2 , 1 , 2 , 1 , '01.01.1753 23:59:59.997' , '01.01.1753 23:59:59.997' ),
( 2 , 1 , 2 , 2 , '01.01.1753 23:59:59.997' , '01.01.1753 23:59:59.997' ),
( 2 , 1 , 2 , 3 , '01.01.1753 23:59:59.997' , '01.01.1753 23:59:59.997' ),
( 2 , 1 , 2 , 4 , '01.01.1753 23:59:59.997' , '01.01.1753 23:59:59.997' ),
( 2 , 1 , 2 , 1 , '01.01.1753 23:59:59.997' , '01.01.1753 23:59:59.997' ),
( 2 , 1 , 2 , 2 , '01.01.1753 23:59:59.997' , '01.01.1753 23:59:59.997' ),
( 2 , 1 , 2 , 3 , '01.01.1753 23:59:59.997' , '01.01.1753 23:59:59.997' ),
( 2 , 1 , 2 , 4 , '01.01.1753 23:59:59.997' , '01.01.1753 23:59:59.997' ),
( 2 , 1 , 2 , 1 , '01.01.1753 23:59:59.997' , '01.01.1753 23:59:59.997' ),
( 2 , 1 , 2 , 2 , '01.01.1753 23:59:59.997' , '01.01.1753 23:59:59.997' ),
( 2 , 1 , 2 , 3 , '01.01.1753 23:59:59.997' , '01.01.1753 23:59:59.997' ),
( 2 , 1 , 2 , 4 , '01.01.1753 23:59:59.997' , '01.01.1753 23:59:59.997' ),
( 2 , 1 , 2 , 1 , '01.01.1753 23:59:59.997' , '01.01.1753 23:59:59.997' ),
( 2 , 1 , 2 , 2 , '01.01.1753 23:59:59.997' , '01.01.1753 23:59:59.997' ),
( 2 , 1 , 2 , 3 , '01.01.1753 23:59:59.997' , '01.01.1753 23:59:59.997' ),
( 2 , 1 , 2 , 4 , '01.01.1753 23:59:59.997' , '01.01.1753 23:59:59.997' ),
( 2 , 1 , 3 , 1 , '01.01.1753 23:59:59.997' , '01.01.1753 23:59:59.997' ),
( 2 , 1 , 3 , 2 , '01.01.1753 23:59:59.997' , '01.01.1753 23:59:59.997' ),
( 2 , 1 , 3 , 3 , '01.01.1753 23:59:59.997' , '01.01.1753 23:59:59.997' ),
( 2 , 1 , 3 , 4 , '01.01.1753 23:59:59.997' , '01.01.1753 23:59:59.997' ),
( 2 , 1 , 3 , 1 , '01.01.1753 23:59:59.997' , '01.01.1753 23:59:59.997' ),
( 2 , 1 , 3 , 2 , '01.01.1753 23:59:59.997' , '01.01.1753 23:59:59.997' ),
( 2 , 1 , 3 , 3 , '01.01.1753 23:59:59.997' , '01.01.1753 23:59:59.997' ),
( 2 , 1 , 3 , 4 , '01.01.1753 23:59:59.997' , '01.01.1753 23:59:59.997' ),
( 2 , 1 , 3 , 1 , '01.01.1753 23:59:59.997' , '01.01.1753 23:59:59.997' ),
( 2 , 1 , 3 , 2 , '01.01.1753 23:59:59.997' , '01.01.1753 23:59:59.997' ),
( 2 , 1 , 3 , 3 , '01.01.1753 23:59:59.997' , '01.01.1753 23:59:59.997' ),
( 2 , 1 , 3 , 4 , '01.01.1753 23:59:59.997' , '01.01.1753 23:59:59.997' ),
( 2 , 1 , 3 , 1 , '01.01.1753 23:59:59.997' , '01.01.1753 23:59:59.997' ),
( 2 , 1 , 3 , 2 , '01.01.1753 23:59:59.997' , '01.01.1753 23:59:59.997' ),
( 2 , 1 , 3 , 3 , '01.01.1753 23:59:59.997' , '01.01.1753 23:59:59.997' ),
( 2 , 1 , 3 , 4 , '01.01.1753 23:59:59.997' , '01.01.1753 23:59:59.997' ),
( 2 , 2 , 1 , 1 , '01.01.1753 23:59:59.997' , '01.01.1753 23:59:59.997' ),
( 2 , 2 , 1 , 2 , '01.01.1753 23:59:59.997' , '01.01.1753 23:59:59.997' ),
( 2 , 2 , 1 , 3 , '01.01.1753 23:59:59.997' , '01.01.1753 23:59:59.997' ),
( 2 , 2 , 1 , 4 , '01.01.1753 23:59:59.997' , '01.01.1753 23:59:59.997' ),
( 2 , 2 , 1 , 1 , '01.01.1753 23:59:59.997' , '01.01.1753 23:59:59.997' ),
( 2 , 2 , 1 , 2 , '01.01.1753 23:59:59.997' , '01.01.1753 23:59:59.997' ),
( 2 , 2 , 1 , 3 , '01.01.1753 23:59:59.997' , '01.01.1753 23:59:59.997' ),
( 2 , 2 , 1 , 4 , '01.01.1753 23:59:59.997' , '01.01.1753 23:59:59.997' ),
( 2 , 2 , 1 , 1 , '01.01.1753 23:59:59.997' , '01.01.1753 23:59:59.997' ),
( 2 , 2 , 1 , 2 , '01.01.1753 23:59:59.997' , '01.01.1753 23:59:59.997' ),
( 2 , 2 , 1 , 3 , '01.01.1753 23:59:59.997' , '01.01.1753 23:59:59.997' ),
( 2 , 2 , 1 , 4 , '01.01.1753 23:59:59.997' , '01.01.1753 23:59:59.997' ),
( 2 , 2 , 1 , 1 , '01.01.1753 23:59:59.997' , '01.01.1753 23:59:59.997' ),
( 2 , 2 , 1 , 2 , '01.01.1753 23:59:59.997' , '01.01.1753 23:59:59.997' ),
( 2 , 2 , 1 , 3 , '01.01.1753 23:59:59.997' , '01.01.1753 23:59:59.997' ),
( 2 , 2 , 1 , 4 , '01.01.1753 23:59:59.997' , '01.01.1753 23:59:59.997' ),
( 2 , 2 , 2 , 1 , '01.01.1753 23:59:59.997' , '01.01.1753 23:59:59.997' ),
( 2 , 2 , 2 , 2 , '01.01.1753 23:59:59.997' , '01.01.1753 23:59:59.997' ),
( 2 , 2 , 2 , 3 , '01.01.1753 23:59:59.997' , '01.01.1753 23:59:59.997' ),
( 2 , 2 , 2 , 4 , '01.01.1753 23:59:59.997' , '01.01.1753 23:59:59.997' ),
( 2 , 2 , 2 , 1 , '01.01.1753 23:59:59.997' , '01.01.1753 23:59:59.997' ),
( 2 , 2 , 2 , 2 , '01.01.1753 23:59:59.997' , '01.01.1753 23:59:59.997' ),
( 2 , 2 , 2 , 3 , '01.01.1753 23:59:59.997' , '01.01.1753 23:59:59.997' ),
( 2 , 2 , 2 , 4 , '01.01.1753 23:59:59.997' , '01.01.1753 23:59:59.997' ),
( 2 , 2 , 2 , 1 , '01.01.1753 23:59:59.997' , '01.01.1753 23:59:59.997' ),
( 2 , 2 , 2 , 2 , '01.01.1753 23:59:59.997' , '01.01.1753 23:59:59.997' ),
( 2 , 2 , 2 , 3 , '01.01.1753 23:59:59.997' , '01.01.1753 23:59:59.997' ),
( 2 , 2 , 2 , 4 , '01.01.1753 23:59:59.997' , '01.01.1753 23:59:59.997' ),
( 2 , 2 , 2 , 1 , '01.01.1753 23:59:59.997' , '01.01.1753 23:59:59.997' ),
( 2 , 2 , 2 , 2 , '01.01.1753 23:59:59.997' , '01.01.1753 23:59:59.997' ),
( 2 , 2 , 2 , 3 , '01.01.1753 23:59:59.997' , '01.01.1753 23:59:59.997' ),
( 2 , 2 , 2 , 4 , '01.01.1753 23:59:59.997' , '01.01.1753 23:59:59.997' ),
( 2 , 2 , 3 , 1 , '01.01.1753 23:59:59.997' , '01.01.1753 23:59:59.997' ),
( 2 , 2 , 3 , 2 , '01.01.1753 23:59:59.997' , '01.01.1753 23:59:59.997' ),
( 2 , 2 , 3 , 3 , '01.01.1753 23:59:59.997' , '01.01.1753 23:59:59.997' ),
( 2 , 2 , 3 , 4 , '01.01.1753 23:59:59.997' , '01.01.1753 23:59:59.997' ),
( 2 , 2 , 3 , 1 , '01.01.1753 23:59:59.997' , '01.01.1753 23:59:59.997' ),
( 2 , 2 , 3 , 2 , '01.01.1753 23:59:59.997' , '01.01.1753 23:59:59.997' ),
( 2 , 2 , 3 , 3 , '01.01.1753 23:59:59.997' , '01.01.1753 23:59:59.997' ),
( 2 , 2 , 3 , 4 , '01.01.1753 23:59:59.997' , '01.01.1753 23:59:59.997' ),
( 2 , 2 , 3 , 1 , '01.01.1753 23:59:59.997' , '01.01.1753 23:59:59.997' ),
( 2 , 2 , 3 , 2 , '01.01.1753 23:59:59.997' , '01.01.1753 23:59:59.997' ),
( 2 , 2 , 3 , 3 , '01.01.1753 23:59:59.997' , '01.01.1753 23:59:59.997' ),
( 2 , 2 , 3 , 4 , '01.01.1753 23:59:59.997' , '01.01.1753 23:59:59.997' ),
( 2 , 2 , 3 , 1 , '01.01.1753 23:59:59.997' , '01.01.1753 23:59:59.997' ),
( 2 , 2 , 3 , 2 , '01.01.1753 23:59:59.997' , '01.01.1753 23:59:59.997' ),
( 2 , 2 , 3 , 3 , '01.01.1753 23:59:59.997' , '01.01.1753 23:59:59.997' ),
( 2 , 2 , 3 , 4 , '01.01.1753 23:59:59.997' , '01.01.1753 23:59:59.997' ),
( 2 , 3 , 1 , 1 , '01.01.1753 23:59:59.997' , '01.01.1753 23:59:59.997' ),
( 2 , 3 , 1 , 2 , '01.01.1753 23:59:59.997' , '01.01.1753 23:59:59.997' ),
( 2 , 3 , 1 , 3 , '01.01.1753 23:59:59.997' , '01.01.1753 23:59:59.997' ),
( 2 , 3 , 1 , 4 , '01.01.1753 23:59:59.997' , '01.01.1753 23:59:59.997' ),
( 2 , 3 , 1 , 1 , '01.01.1753 23:59:59.997' , '01.01.1753 23:59:59.997' ),
( 2 , 3 , 1 , 2 , '01.01.1753 23:59:59.997' , '01.01.1753 23:59:59.997' ),
( 2 , 3 , 1 , 3 , '01.01.1753 23:59:59.997' , '01.01.1753 23:59:59.997' ),
( 2 , 3 , 1 , 4 , '01.01.1753 23:59:59.997' , '01.01.1753 23:59:59.997' ),
( 2 , 3 , 1 , 1 , '01.01.1753 23:59:59.997' , '01.01.1753 23:59:59.997' ),
( 2 , 3 , 1 , 2 , '01.01.1753 23:59:59.997' , '01.01.1753 23:59:59.997' ),
( 2 , 3 , 1 , 3 , '01.01.1753 23:59:59.997' , '01.01.1753 23:59:59.997' ),
( 2 , 3 , 1 , 4 , '01.01.1753 23:59:59.997' , '01.01.1753 23:59:59.997' ),
( 2 , 3 , 1 , 1 , '01.01.1753 23:59:59.997' , '01.01.1753 23:59:59.997' ),
( 2 , 3 , 1 , 2 , '01.01.1753 23:59:59.997' , '01.01.1753 23:59:59.997' ),
( 2 , 3 , 1 , 3 , '01.01.1753 23:59:59.997' , '01.01.1753 23:59:59.997' ),
( 2 , 3 , 1 , 4 , '01.01.1753 23:59:59.997' , '01.01.1753 23:59:59.997' ),
( 2 , 3 , 2 , 1 , '01.01.1753 23:59:59.997' , '01.01.1753 23:59:59.997' ),
( 2 , 3 , 2 , 2 , '01.01.1753 23:59:59.997' , '01.01.1753 23:59:59.997' ),
( 2 , 3 , 2 , 3 , '01.01.1753 23:59:59.997' , '01.01.1753 23:59:59.997' ),
( 2 , 3 , 2 , 4 , '01.01.1753 23:59:59.997' , '01.01.1753 23:59:59.997' ),
( 2 , 3 , 2 , 1 , '01.01.1753 23:59:59.997' , '01.01.1753 23:59:59.997' ),
( 2 , 3 , 2 , 2 , '01.01.1753 23:59:59.997' , '01.01.1753 23:59:59.997' ),
( 2 , 3 , 2 , 3 , '01.01.1753 23:59:59.997' , '01.01.1753 23:59:59.997' ),
( 2 , 3 , 2 , 4 , '01.01.1753 23:59:59.997' , '01.01.1753 23:59:59.997' ),
( 2 , 3 , 2 , 1 , '01.01.1753 23:59:59.997' , '01.01.1753 23:59:59.997' ),
( 2 , 3 , 2 , 2 , '01.01.1753 23:59:59.997' , '01.01.1753 23:59:59.997' ),
( 2 , 3 , 2 , 3 , '01.01.1753 23:59:59.997' , '01.01.1753 23:59:59.997' ),
( 2 , 3 , 2 , 4 , '01.01.1753 23:59:59.997' , '01.01.1753 23:59:59.997' ),
( 2 , 3 , 2 , 1 , '01.01.1753 23:59:59.997' , '01.01.1753 23:59:59.997' ),
( 2 , 3 , 2 , 2 , '01.01.1753 23:59:59.997' , '01.01.1753 23:59:59.997' ),
( 2 , 3 , 2 , 3 , '01.01.1753 23:59:59.997' , '01.01.1753 23:59:59.997' ),
( 2 , 3 , 2 , 4 , '01.01.1753 23:59:59.997' , '01.01.1753 23:59:59.997' ),
( 2 , 3 , 3 , 1 , '01.01.1753 23:59:59.997' , '01.01.1753 23:59:59.997' ),
( 2 , 3 , 3 , 2 , '01.01.1753 23:59:59.997' , '01.01.1753 23:59:59.997' ),
( 2 , 3 , 3 , 3 , '01.01.1753 23:59:59.997' , '01.01.1753 23:59:59.997' ),
( 2 , 3 , 3 , 4 , '01.01.1753 23:59:59.997' , '01.01.1753 23:59:59.997' ),
( 2 , 3 , 3 , 1 , '01.01.1753 23:59:59.997' , '01.01.1753 23:59:59.997' ),
( 2 , 3 , 3 , 2 , '01.01.1753 23:59:59.997' , '01.01.1753 23:59:59.997' ),
( 2 , 3 , 3 , 3 , '01.01.1753 23:59:59.997' , '01.01.1753 23:59:59.997' ),
( 2 , 3 , 3 , 4 , '01.01.1753 23:59:59.997' , '01.01.1753 23:59:59.997' ),
( 2 , 3 , 3 , 1 , '01.01.1753 23:59:59.997' , '01.01.1753 23:59:59.997' ),
( 2 , 3 , 3 , 2 , '01.01.1753 23:59:59.997' , '01.01.1753 23:59:59.997' ),
( 2 , 3 , 3 , 3 , '01.01.1753 23:59:59.997' , '01.01.1753 23:59:59.997' ),
( 2 , 3 , 3 , 4 , '01.01.1753 23:59:59.997' , '01.01.1753 23:59:59.997' ),
( 2 , 3 , 3 , 1 , '01.01.1753 23:59:59.997' , '01.01.1753 23:59:59.997' ),
( 2 , 3 , 3 , 2 , '01.01.1753 23:59:59.997' , '01.01.1753 23:59:59.997' ),
( 2 , 3 , 3 , 3 , '01.01.1753 23:59:59.997' , '01.01.1753 23:59:59.997' ),
( 2 , 3 , 3 , 4 , '01.01.1753 23:59:59.997' , '01.01.1753 23:59:59.997' ),
( 3 , 1 , 1 , 1 , '01.01.1753 23:59:59.997' , '01.01.1753 23:59:59.997' ),
( 3 , 1 , 1 , 2 , '01.01.1753 23:59:59.997' , '01.01.1753 23:59:59.997' ),
( 3 , 1 , 1 , 3 , '01.01.1753 23:59:59.997' , '01.01.1753 23:59:59.997' ),
( 3 , 1 , 1 , 4 , '01.01.1753 23:59:59.997' , '01.01.1753 23:59:59.997' ),
( 3 , 1 , 1 , 1 , '01.01.1753 23:59:59.997' , '01.01.1753 23:59:59.997' ),
( 3 , 1 , 1 , 2 , '01.01.1753 23:59:59.997' , '01.01.1753 23:59:59.997' ),
( 3 , 1 , 1 , 3 , '01.01.1753 23:59:59.997' , '01.01.1753 23:59:59.997' ),
( 3 , 1 , 1 , 4 , '01.01.1753 23:59:59.997' , '01.01.1753 23:59:59.997' ),
( 3 , 1 , 1 , 1 , '01.01.1753 23:59:59.997' , '01.01.1753 23:59:59.997' ),
( 3 , 1 , 1 , 2 , '01.01.1753 23:59:59.997' , '01.01.1753 23:59:59.997' ),
( 3 , 1 , 1 , 3 , '01.01.1753 23:59:59.997' , '01.01.1753 23:59:59.997' ),
( 3 , 1 , 1 , 4 , '01.01.1753 23:59:59.997' , '01.01.1753 23:59:59.997' ),
( 3 , 1 , 1 , 1 , '01.01.1753 23:59:59.997' , '01.01.1753 23:59:59.997' ),
( 3 , 1 , 1 , 2 , '01.01.1753 23:59:59.997' , '01.01.1753 23:59:59.997' ),
( 3 , 1 , 1 , 3 , '01.01.1753 23:59:59.997' , '01.01.1753 23:59:59.997' ),
( 3 , 1 , 1 , 4 , '01.01.1753 23:59:59.997' , '01.01.1753 23:59:59.997' ),
( 3 , 1 , 2 , 1 , '01.01.1753 23:59:59.997' , '01.01.1753 23:59:59.997' ),
( 3 , 1 , 2 , 2 , '01.01.1753 23:59:59.997' , '01.01.1753 23:59:59.997' ),
( 3 , 1 , 2 , 3 , '01.01.1753 23:59:59.997' , '01.01.1753 23:59:59.997' ),
( 3 , 1 , 2 , 4 , '01.01.1753 23:59:59.997' , '01.01.1753 23:59:59.997' ),
( 3 , 1 , 2 , 1 , '01.01.1753 23:59:59.997' , '01.01.1753 23:59:59.997' ),
( 3 , 1 , 2 , 2 , '01.01.1753 23:59:59.997' , '01.01.1753 23:59:59.997' ),
( 3 , 1 , 2 , 3 , '01.01.1753 23:59:59.997' , '01.01.1753 23:59:59.997' ),
( 3 , 1 , 2 , 4 , '01.01.1753 23:59:59.997' , '01.01.1753 23:59:59.997' ),
( 3 , 1 , 2 , 1 , '01.01.1753 23:59:59.997' , '01.01.1753 23:59:59.997' ),
( 3 , 1 , 2 , 2 , '01.01.1753 23:59:59.997' , '01.01.1753 23:59:59.997' ),
( 3 , 1 , 2 , 3 , '01.01.1753 23:59:59.997' , '01.01.1753 23:59:59.997' ),
( 3 , 1 , 2 , 4 , '01.01.1753 23:59:59.997' , '01.01.1753 23:59:59.997' ),
( 3 , 1 , 2 , 1 , '01.01.1753 23:59:59.997' , '01.01.1753 23:59:59.997' ),
( 3 , 1 , 2 , 2 , '01.01.1753 23:59:59.997' , '01.01.1753 23:59:59.997' ),
( 3 , 1 , 2 , 3 , '01.01.1753 23:59:59.997' , '01.01.1753 23:59:59.997' ),
( 3 , 1 , 2 , 4 , '01.01.1753 23:59:59.997' , '01.01.1753 23:59:59.997' ),
( 3 , 1 , 3 , 1 , '01.01.1753 23:59:59.997' , '01.01.1753 23:59:59.997' ),
( 3 , 1 , 3 , 2 , '01.01.1753 23:59:59.997' , '01.01.1753 23:59:59.997' ),
( 3 , 1 , 3 , 3 , '01.01.1753 23:59:59.997' , '01.01.1753 23:59:59.997' ),
( 3 , 1 , 3 , 4 , '01.01.1753 23:59:59.997' , '01.01.1753 23:59:59.997' ),
( 3 , 1 , 3 , 1 , '01.01.1753 23:59:59.997' , '01.01.1753 23:59:59.997' ),
( 3 , 1 , 3 , 2 , '01.01.1753 23:59:59.997' , '01.01.1753 23:59:59.997' ),
( 3 , 1 , 3 , 3 , '01.01.1753 23:59:59.997' , '01.01.1753 23:59:59.997' ),
( 3 , 1 , 3 , 4 , '01.01.1753 23:59:59.997' , '01.01.1753 23:59:59.997' ),
( 3 , 1 , 3 , 1 , '01.01.1753 23:59:59.997' , '01.01.1753 23:59:59.997' ),
( 3 , 1 , 3 , 2 , '01.01.1753 23:59:59.997' , '01.01.1753 23:59:59.997' ),
( 3 , 1 , 3 , 3 , '01.01.1753 23:59:59.997' , '01.01.1753 23:59:59.997' ),
( 3 , 1 , 3 , 4 , '01.01.1753 23:59:59.997' , '01.01.1753 23:59:59.997' ),
( 3 , 1 , 3 , 1 , '01.01.1753 23:59:59.997' , '01.01.1753 23:59:59.997' ),
( 3 , 1 , 3 , 2 , '01.01.1753 23:59:59.997' , '01.01.1753 23:59:59.997' ),
( 3 , 1 , 3 , 3 , '01.01.1753 23:59:59.997' , '01.01.1753 23:59:59.997' ),
( 3 , 1 , 3 , 4 , '01.01.1753 23:59:59.997' , '01.01.1753 23:59:59.997' ),
( 3 , 2 , 1 , 1 , '01.01.1753 23:59:59.997' , '01.01.1753 23:59:59.997' ),
( 3 , 2 , 1 , 2 , '01.01.1753 23:59:59.997' , '01.01.1753 23:59:59.997' ),
( 3 , 2 , 1 , 3 , '01.01.1753 23:59:59.997' , '01.01.1753 23:59:59.997' ),
( 3 , 2 , 1 , 4 , '01.01.1753 23:59:59.997' , '01.01.1753 23:59:59.997' ),
( 3 , 2 , 1 , 1 , '01.01.1753 23:59:59.997' , '01.01.1753 23:59:59.997' ),
( 3 , 2 , 1 , 2 , '01.01.1753 23:59:59.997' , '01.01.1753 23:59:59.997' ),
( 3 , 2 , 1 , 3 , '01.01.1753 23:59:59.997' , '01.01.1753 23:59:59.997' ),
( 3 , 2 , 1 , 4 , '01.01.1753 23:59:59.997' , '01.01.1753 23:59:59.997' ),
( 3 , 2 , 1 , 1 , '01.01.1753 23:59:59.997' , '01.01.1753 23:59:59.997' ),
( 3 , 2 , 1 , 2 , '01.01.1753 23:59:59.997' , '01.01.1753 23:59:59.997' ),
( 3 , 2 , 1 , 3 , '01.01.1753 23:59:59.997' , '01.01.1753 23:59:59.997' ),
( 3 , 2 , 1 , 4 , '01.01.1753 23:59:59.997' , '01.01.1753 23:59:59.997' ),
( 3 , 2 , 1 , 1 , '01.01.1753 23:59:59.997' , '01.01.1753 23:59:59.997' ),
( 3 , 2 , 1 , 2 , '01.01.1753 23:59:59.997' , '01.01.1753 23:59:59.997' ),
( 3 , 2 , 1 , 3 , '01.01.1753 23:59:59.997' , '01.01.1753 23:59:59.997' ),
( 3 , 2 , 1 , 4 , '01.01.1753 23:59:59.997' , '01.01.1753 23:59:59.997' ),
( 3 , 2 , 2 , 1 , '01.01.1753 23:59:59.997' , '01.01.1753 23:59:59.997' ),
( 3 , 2 , 2 , 2 , '01.01.1753 23:59:59.997' , '01.01.1753 23:59:59.997' ),
( 3 , 2 , 2 , 3 , '01.01.1753 23:59:59.997' , '01.01.1753 23:59:59.997' ),
( 3 , 2 , 2 , 4 , '01.01.1753 23:59:59.997' , '01.01.1753 23:59:59.997' ),
( 3 , 2 , 2 , 1 , '01.01.1753 23:59:59.997' , '01.01.1753 23:59:59.997' ),
( 3 , 2 , 2 , 2 , '01.01.1753 23:59:59.997' , '01.01.1753 23:59:59.997' ),
( 3 , 2 , 2 , 3 , '01.01.1753 23:59:59.997' , '01.01.1753 23:59:59.997' ),
( 3 , 2 , 2 , 4 , '01.01.1753 23:59:59.997' , '01.01.1753 23:59:59.997' ),
( 3 , 2 , 2 , 1 , '01.01.1753 23:59:59.997' , '01.01.1753 23:59:59.997' ),
( 3 , 2 , 2 , 2 , '01.01.1753 23:59:59.997' , '01.01.1753 23:59:59.997' ),
( 3 , 2 , 2 , 3 , '01.01.1753 23:59:59.997' , '01.01.1753 23:59:59.997' ),
( 3 , 2 , 2 , 4 , '01.01.1753 23:59:59.997' , '01.01.1753 23:59:59.997' ),
( 3 , 2 , 2 , 1 , '01.01.1753 23:59:59.997' , '01.01.1753 23:59:59.997' ),
( 3 , 2 , 2 , 2 , '01.01.1753 23:59:59.997' , '01.01.1753 23:59:59.997' ),
( 3 , 2 , 2 , 3 , '01.01.1753 23:59:59.997' , '01.01.1753 23:59:59.997' ),
( 3 , 2 , 2 , 4 , '01.01.1753 23:59:59.997' , '01.01.1753 23:59:59.997' ),
( 3 , 2 , 3 , 1 , '01.01.1753 23:59:59.997' , '01.01.1753 23:59:59.997' ),
( 3 , 2 , 3 , 2 , '01.01.1753 23:59:59.997' , '01.01.1753 23:59:59.997' ),
( 3 , 2 , 3 , 3 , '01.01.1753 23:59:59.997' , '01.01.1753 23:59:59.997' ),
( 3 , 2 , 3 , 4 , '01.01.1753 23:59:59.997' , '01.01.1753 23:59:59.997' ),
( 3 , 2 , 3 , 1 , '01.01.1753 23:59:59.997' , '01.01.1753 23:59:59.997' ),
( 3 , 2 , 3 , 2 , '01.01.1753 23:59:59.997' , '01.01.1753 23:59:59.997' ),
( 3 , 2 , 3 , 3 , '01.01.1753 23:59:59.997' , '01.01.1753 23:59:59.997' ),
( 3 , 2 , 3 , 4 , '01.01.1753 23:59:59.997' , '01.01.1753 23:59:59.997' ),
( 3 , 2 , 3 , 1 , '01.01.1753 23:59:59.997' , '01.01.1753 23:59:59.997' ),
( 3 , 2 , 3 , 2 , '01.01.1753 23:59:59.997' , '01.01.1753 23:59:59.997' ),
( 3 , 2 , 3 , 3 , '01.01.1753 23:59:59.997' , '01.01.1753 23:59:59.997' ),
( 3 , 2 , 3 , 4 , '01.01.1753 23:59:59.997' , '01.01.1753 23:59:59.997' ),
( 3 , 2 , 3 , 1 , '01.01.1753 23:59:59.997' , '01.01.1753 23:59:59.997' ),
( 3 , 2 , 3 , 2 , '01.01.1753 23:59:59.997' , '01.01.1753 23:59:59.997' ),
( 3 , 2 , 3 , 3 , '01.01.1753 23:59:59.997' , '01.01.1753 23:59:59.997' ),
( 3 , 2 , 3 , 4 , '01.01.1753 23:59:59.997' , '01.01.1753 23:59:59.997' ),
( 3 , 3 , 1 , 1 , '01.01.1753 23:59:59.997' , '01.01.1753 23:59:59.997' ),
( 3 , 3 , 1 , 2 , '01.01.1753 23:59:59.997' , '01.01.1753 23:59:59.997' ),
( 3 , 3 , 1 , 3 , '01.01.1753 23:59:59.997' , '01.01.1753 23:59:59.997' ),
( 3 , 3 , 1 , 4 , '01.01.1753 23:59:59.997' , '01.01.1753 23:59:59.997' ),
( 3 , 3 , 1 , 1 , '01.01.1753 23:59:59.997' , '01.01.1753 23:59:59.997' ),
( 3 , 3 , 1 , 2 , '01.01.1753 23:59:59.997' , '01.01.1753 23:59:59.997' ),
( 3 , 3 , 1 , 3 , '01.01.1753 23:59:59.997' , '01.01.1753 23:59:59.997' ),
( 3 , 3 , 1 , 4 , '01.01.1753 23:59:59.997' , '01.01.1753 23:59:59.997' ),
( 3 , 3 , 1 , 1 , '01.01.1753 23:59:59.997' , '01.01.1753 23:59:59.997' ),
( 3 , 3 , 1 , 2 , '01.01.1753 23:59:59.997' , '01.01.1753 23:59:59.997' ),
( 3 , 3 , 1 , 3 , '01.01.1753 23:59:59.997' , '01.01.1753 23:59:59.997' ),
( 3 , 3 , 1 , 4 , '01.01.1753 23:59:59.997' , '01.01.1753 23:59:59.997' ),
( 3 , 3 , 1 , 1 , '01.01.1753 23:59:59.997' , '01.01.1753 23:59:59.997' ),
( 3 , 3 , 1 , 2 , '01.01.1753 23:59:59.997' , '01.01.1753 23:59:59.997' ),
( 3 , 3 , 1 , 3 , '01.01.1753 23:59:59.997' , '01.01.1753 23:59:59.997' ),
( 3 , 3 , 1 , 4 , '01.01.1753 23:59:59.997' , '01.01.1753 23:59:59.997' ),
( 3 , 3 , 2 , 1 , '01.01.1753 23:59:59.997' , '01.01.1753 23:59:59.997' ),
( 3 , 3 , 2 , 2 , '01.01.1753 23:59:59.997' , '01.01.1753 23:59:59.997' ),
( 3 , 3 , 2 , 3 , '01.01.1753 23:59:59.997' , '01.01.1753 23:59:59.997' ),
( 3 , 3 , 2 , 4 , '01.01.1753 23:59:59.997' , '01.01.1753 23:59:59.997' ),
( 3 , 3 , 2 , 1 , '01.01.1753 23:59:59.997' , '01.01.1753 23:59:59.997' ),
( 3 , 3 , 2 , 2 , '01.01.1753 23:59:59.997' , '01.01.1753 23:59:59.997' ),
( 3 , 3 , 2 , 3 , '01.01.1753 23:59:59.997' , '01.01.1753 23:59:59.997' ),
( 3 , 3 , 2 , 4 , '01.01.1753 23:59:59.997' , '01.01.1753 23:59:59.997' ),
( 3 , 3 , 2 , 1 , '01.01.1753 23:59:59.997' , '01.01.1753 23:59:59.997' ),
( 3 , 3 , 2 , 2 , '01.01.1753 23:59:59.997' , '01.01.1753 23:59:59.997' ),
( 3 , 3 , 2 , 3 , '01.01.1753 23:59:59.997' , '01.01.1753 23:59:59.997' ),
( 3 , 3 , 2 , 4 , '01.01.1753 23:59:59.997' , '01.01.1753 23:59:59.997' ),
( 3 , 3 , 2 , 1 , '01.01.1753 23:59:59.997' , '01.01.1753 23:59:59.997' ),
( 3 , 3 , 2 , 2 , '01.01.1753 23:59:59.997' , '01.01.1753 23:59:59.997' ),
( 3 , 3 , 2 , 3 , '01.01.1753 23:59:59.997' , '01.01.1753 23:59:59.997' ),
( 3 , 3 , 2 , 4 , '01.01.1753 23:59:59.997' , '01.01.1753 23:59:59.997' ),
( 3 , 3 , 3 , 1 , '01.01.1753 23:59:59.997' , '01.01.1753 23:59:59.997' ),
( 3 , 3 , 3 , 2 , '01.01.1753 23:59:59.997' , '01.01.1753 23:59:59.997' ),
( 3 , 3 , 3 , 3 , '01.01.1753 23:59:59.997' , '01.01.1753 23:59:59.997' ),
( 3 , 3 , 3 , 4 , '01.01.1753 23:59:59.997' , '01.01.1753 23:59:59.997' ),
( 3 , 3 , 3 , 1 , '01.01.1753 23:59:59.997' , '01.01.1753 23:59:59.997' ),
( 3 , 3 , 3 , 2 , '01.01.1753 23:59:59.997' , '01.01.1753 23:59:59.997' ),
( 3 , 3 , 3 , 3 , '01.01.1753 23:59:59.997' , '01.01.1753 23:59:59.997' ),
( 3 , 3 , 3 , 4 , '01.01.1753 23:59:59.997' , '01.01.1753 23:59:59.997' ),
( 3 , 3 , 3 , 1 , '01.01.1753 23:59:59.997' , '01.01.1753 23:59:59.997' ),
( 3 , 3 , 3 , 2 , '01.01.1753 23:59:59.997' , '01.01.1753 23:59:59.997' ),
( 3 , 3 , 3 , 3 , '01.01.1753 23:59:59.997' , '01.01.1753 23:59:59.997' ),
( 3 , 3 , 3 , 4 , '01.01.1753 23:59:59.997' , '01.01.1753 23:59:59.997' ),
( 3 , 3 , 3 , 1 , '01.01.1753 23:59:59.997' , '01.01.1753 23:59:59.997' ),
( 3 , 3 , 3 , 2 , '01.01.1753 23:59:59.997' , '01.01.1753 23:59:59.997' ),
( 3 , 3 , 3 , 3 , '01.01.1753 23:59:59.997' , '01.01.1753 23:59:59.997' ),
( 3 , 3 , 3 , 4 , '01.01.1753 23:59:59.997' , '01.01.1753 23:59:59.997' ),
( 4 , 1 , 1 , 1 , '01.01.1753 23:59:59.997' , '01.01.1753 23:59:59.997' ),
( 4 , 1 , 1 , 2 , '01.01.1753 23:59:59.997' , '01.01.1753 23:59:59.997' ),
( 4 , 1 , 1 , 3 , '01.01.1753 23:59:59.997' , '01.01.1753 23:59:59.997' ),
( 4 , 1 , 1 , 4 , '01.01.1753 23:59:59.997' , '01.01.1753 23:59:59.997' ),
( 4 , 1 , 1 , 1 , '01.01.1753 23:59:59.997' , '01.01.1753 23:59:59.997' ),
( 4 , 1 , 1 , 2 , '01.01.1753 23:59:59.997' , '01.01.1753 23:59:59.997' ),
( 4 , 1 , 1 , 3 , '01.01.1753 23:59:59.997' , '01.01.1753 23:59:59.997' ),
( 4 , 1 , 1 , 4 , '01.01.1753 23:59:59.997' , '01.01.1753 23:59:59.997' ),
( 4 , 1 , 1 , 1 , '01.01.1753 23:59:59.997' , '01.01.1753 23:59:59.997' ),
( 4 , 1 , 1 , 2 , '01.01.1753 23:59:59.997' , '01.01.1753 23:59:59.997' ),
( 4 , 1 , 1 , 3 , '01.01.1753 23:59:59.997' , '01.01.1753 23:59:59.997' ),
( 4 , 1 , 1 , 4 , '01.01.1753 23:59:59.997' , '01.01.1753 23:59:59.997' ),
( 4 , 1 , 1 , 1 , '01.01.1753 23:59:59.997' , '01.01.1753 23:59:59.997' ),
( 4 , 1 , 1 , 2 , '01.01.1753 23:59:59.997' , '01.01.1753 23:59:59.997' ),
( 4 , 1 , 1 , 3 , '01.01.1753 23:59:59.997' , '01.01.1753 23:59:59.997' ),
( 4 , 1 , 1 , 4 , '01.01.1753 23:59:59.997' , '01.01.1753 23:59:59.997' ),
( 4 , 1 , 2 , 1 , '01.01.1753 23:59:59.997' , '01.01.1753 23:59:59.997' ),
( 4 , 1 , 2 , 2 , '01.01.1753 23:59:59.997' , '01.01.1753 23:59:59.997' ),
( 4 , 1 , 2 , 3 , '01.01.1753 23:59:59.997' , '01.01.1753 23:59:59.997' ),
( 4 , 1 , 2 , 4 , '01.01.1753 23:59:59.997' , '01.01.1753 23:59:59.997' ),
( 4 , 1 , 2 , 1 , '01.01.1753 23:59:59.997' , '01.01.1753 23:59:59.997' ),
( 4 , 1 , 2 , 2 , '01.01.1753 23:59:59.997' , '01.01.1753 23:59:59.997' ),
( 4 , 1 , 2 , 3 , '01.01.1753 23:59:59.997' , '01.01.1753 23:59:59.997' ),
( 4 , 1 , 2 , 4 , '01.01.1753 23:59:59.997' , '01.01.1753 23:59:59.997' ),
( 4 , 1 , 2 , 1 , '01.01.1753 23:59:59.997' , '01.01.1753 23:59:59.997' ),
( 4 , 1 , 2 , 2 , '01.01.1753 23:59:59.997' , '01.01.1753 23:59:59.997' ),
( 4 , 1 , 2 , 3 , '01.01.1753 23:59:59.997' , '01.01.1753 23:59:59.997' ),
( 4 , 1 , 2 , 4 , '01.01.1753 23:59:59.997' , '01.01.1753 23:59:59.997' ),
( 4 , 1 , 2 , 1 , '01.01.1753 23:59:59.997' , '01.01.1753 23:59:59.997' ),
( 4 , 1 , 2 , 2 , '01.01.1753 23:59:59.997' , '01.01.1753 23:59:59.997' ),
( 4 , 1 , 2 , 3 , '01.01.1753 23:59:59.997' , '01.01.1753 23:59:59.997' ),
( 4 , 1 , 2 , 4 , '01.01.1753 23:59:59.997' , '01.01.1753 23:59:59.997' ),
( 4 , 1 , 3 , 1 , '01.01.1753 23:59:59.997' , '01.01.1753 23:59:59.997' ),
( 4 , 1 , 3 , 2 , '01.01.1753 23:59:59.997' , '01.01.1753 23:59:59.997' ),
( 4 , 1 , 3 , 3 , '01.01.1753 23:59:59.997' , '01.01.1753 23:59:59.997' ),
( 4 , 1 , 3 , 4 , '01.01.1753 23:59:59.997' , '01.01.1753 23:59:59.997' ),
( 4 , 1 , 3 , 1 , '01.01.1753 23:59:59.997' , '01.01.1753 23:59:59.997' ),
( 4 , 1 , 3 , 2 , '01.01.1753 23:59:59.997' , '01.01.1753 23:59:59.997' ),
( 4 , 1 , 3 , 3 , '01.01.1753 23:59:59.997' , '01.01.1753 23:59:59.997' ),
( 4 , 1 , 3 , 4 , '01.01.1753 23:59:59.997' , '01.01.1753 23:59:59.997' ),
( 4 , 1 , 3 , 1 , '01.01.1753 23:59:59.997' , '01.01.1753 23:59:59.997' ),
( 4 , 1 , 3 , 2 , '01.01.1753 23:59:59.997' , '01.01.1753 23:59:59.997' ),
( 4 , 1 , 3 , 3 , '01.01.1753 23:59:59.997' , '01.01.1753 23:59:59.997' ),
( 4 , 1 , 3 , 4 , '01.01.1753 23:59:59.997' , '01.01.1753 23:59:59.997' ),
( 4 , 1 , 3 , 1 , '01.01.1753 23:59:59.997' , '01.01.1753 23:59:59.997' ),
( 4 , 1 , 3 , 2 , '01.01.1753 23:59:59.997' , '01.01.1753 23:59:59.997' ),
( 4 , 1 , 3 , 3 , '01.01.1753 23:59:59.997' , '01.01.1753 23:59:59.997' ),
( 4 , 1 , 3 , 4 , '01.01.1753 23:59:59.997' , '01.01.1753 23:59:59.997' ),
( 4 , 2 , 1 , 1 , '01.01.1753 23:59:59.997' , '01.01.1753 23:59:59.997' ),
( 4 , 2 , 1 , 2 , '01.01.1753 23:59:59.997' , '01.01.1753 23:59:59.997' ),
( 4 , 2 , 1 , 3 , '01.01.1753 23:59:59.997' , '01.01.1753 23:59:59.997' ),
( 4 , 2 , 1 , 4 , '01.01.1753 23:59:59.997' , '01.01.1753 23:59:59.997' ),
( 4 , 2 , 1 , 1 , '01.01.1753 23:59:59.997' , '01.01.1753 23:59:59.997' ),
( 4 , 2 , 1 , 2 , '01.01.1753 23:59:59.997' , '01.01.1753 23:59:59.997' ),
( 4 , 2 , 1 , 3 , '01.01.1753 23:59:59.997' , '01.01.1753 23:59:59.997' ),
( 4 , 2 , 1 , 4 , '01.01.1753 23:59:59.997' , '01.01.1753 23:59:59.997' ),
( 4 , 2 , 1 , 1 , '01.01.1753 23:59:59.997' , '01.01.1753 23:59:59.997' ),
( 4 , 2 , 1 , 2 , '01.01.1753 23:59:59.997' , '01.01.1753 23:59:59.997' ),
( 4 , 2 , 1 , 3 , '01.01.1753 23:59:59.997' , '01.01.1753 23:59:59.997' ),
( 4 , 2 , 1 , 4 , '01.01.1753 23:59:59.997' , '01.01.1753 23:59:59.997' ),
( 4 , 2 , 1 , 1 , '01.01.1753 23:59:59.997' , '01.01.1753 23:59:59.997' ),
( 4 , 2 , 1 , 2 , '01.01.1753 23:59:59.997' , '01.01.1753 23:59:59.997' ),
( 4 , 2 , 1 , 3 , '01.01.1753 23:59:59.997' , '01.01.1753 23:59:59.997' ),
( 4 , 2 , 1 , 4 , '01.01.1753 23:59:59.997' , '01.01.1753 23:59:59.997' ),
( 4 , 2 , 2 , 1 , '01.01.1753 23:59:59.997' , '01.01.1753 23:59:59.997' ),
( 4 , 2 , 2 , 2 , '01.01.1753 23:59:59.997' , '01.01.1753 23:59:59.997' ),
( 4 , 2 , 2 , 3 , '01.01.1753 23:59:59.997' , '01.01.1753 23:59:59.997' ),
( 4 , 2 , 2 , 4 , '01.01.1753 23:59:59.997' , '01.01.1753 23:59:59.997' ),
( 4 , 2 , 2 , 1 , '01.01.1753 23:59:59.997' , '01.01.1753 23:59:59.997' ),
( 4 , 2 , 2 , 2 , '01.01.1753 23:59:59.997' , '01.01.1753 23:59:59.997' ),
( 4 , 2 , 2 , 3 , '01.01.1753 23:59:59.997' , '01.01.1753 23:59:59.997' ),
( 4 , 2 , 2 , 4 , '01.01.1753 23:59:59.997' , '01.01.1753 23:59:59.997' ),
( 4 , 2 , 2 , 1 , '01.01.1753 23:59:59.997' , '01.01.1753 23:59:59.997' ),
( 4 , 2 , 2 , 2 , '01.01.1753 23:59:59.997' , '01.01.1753 23:59:59.997' ),
( 4 , 2 , 2 , 3 , '01.01.1753 23:59:59.997' , '01.01.1753 23:59:59.997' ),
( 4 , 2 , 2 , 4 , '01.01.1753 23:59:59.997' , '01.01.1753 23:59:59.997' ),
( 4 , 2 , 2 , 1 , '01.01.1753 23:59:59.997' , '01.01.1753 23:59:59.997' ),
( 4 , 2 , 2 , 2 , '01.01.1753 23:59:59.997' , '01.01.1753 23:59:59.997' ),
( 4 , 2 , 2 , 3 , '01.01.1753 23:59:59.997' , '01.01.1753 23:59:59.997' ),
( 4 , 2 , 2 , 4 , '01.01.1753 23:59:59.997' , '01.01.1753 23:59:59.997' ),
( 4 , 2 , 3 , 1 , '01.01.1753 23:59:59.997' , '01.01.1753 23:59:59.997' ),
( 4 , 2 , 3 , 2 , '01.01.1753 23:59:59.997' , '01.01.1753 23:59:59.997' ),
( 4 , 2 , 3 , 3 , '01.01.1753 23:59:59.997' , '01.01.1753 23:59:59.997' ),
( 4 , 2 , 3 , 4 , '01.01.1753 23:59:59.997' , '01.01.1753 23:59:59.997' ),
( 4 , 2 , 3 , 1 , '01.01.1753 23:59:59.997' , '01.01.1753 23:59:59.997' ),
( 4 , 2 , 3 , 2 , '01.01.1753 23:59:59.997' , '01.01.1753 23:59:59.997' ),
( 4 , 2 , 3 , 3 , '01.01.1753 23:59:59.997' , '01.01.1753 23:59:59.997' ),
( 4 , 2 , 3 , 4 , '01.01.1753 23:59:59.997' , '01.01.1753 23:59:59.997' ),
( 4 , 2 , 3 , 1 , '01.01.1753 23:59:59.997' , '01.01.1753 23:59:59.997' ),
( 4 , 2 , 3 , 2 , '01.01.1753 23:59:59.997' , '01.01.1753 23:59:59.997' ),
( 4 , 2 , 3 , 3 , '01.01.1753 23:59:59.997' , '01.01.1753 23:59:59.997' ),
( 4 , 2 , 3 , 4 , '01.01.1753 23:59:59.997' , '01.01.1753 23:59:59.997' ),
( 4 , 2 , 3 , 1 , '01.01.1753 23:59:59.997' , '01.01.1753 23:59:59.997' ),
( 4 , 2 , 3 , 2 , '01.01.1753 23:59:59.997' , '01.01.1753 23:59:59.997' ),
( 4 , 2 , 3 , 3 , '01.01.1753 23:59:59.997' , '01.01.1753 23:59:59.997' ),
( 4 , 2 , 3 , 4 , '01.01.1753 23:59:59.997' , '01.01.1753 23:59:59.997' ),
( 4 , 3 , 1 , 1 , '01.01.1753 23:59:59.997' , '01.01.1753 23:59:59.997' ),
( 4 , 3 , 1 , 2 , '01.01.1753 23:59:59.997' , '01.01.1753 23:59:59.997' ),
( 4 , 3 , 1 , 3 , '01.01.1753 23:59:59.997' , '01.01.1753 23:59:59.997' ),
( 4 , 3 , 1 , 4 , '01.01.1753 23:59:59.997' , '01.01.1753 23:59:59.997' ),
( 4 , 3 , 1 , 1 , '01.01.1753 23:59:59.997' , '01.01.1753 23:59:59.997' ),
( 4 , 3 , 1 , 2 , '01.01.1753 23:59:59.997' , '01.01.1753 23:59:59.997' ),
( 4 , 3 , 1 , 3 , '01.01.1753 23:59:59.997' , '01.01.1753 23:59:59.997' ),
( 4 , 3 , 1 , 4 , '01.01.1753 23:59:59.997' , '01.01.1753 23:59:59.997' ),
( 4 , 3 , 1 , 1 , '01.01.1753 23:59:59.997' , '01.01.1753 23:59:59.997' ),
( 4 , 3 , 1 , 2 , '01.01.1753 23:59:59.997' , '01.01.1753 23:59:59.997' ),
( 4 , 3 , 1 , 3 , '01.01.1753 23:59:59.997' , '01.01.1753 23:59:59.997' ),
( 4 , 3 , 1 , 4 , '01.01.1753 23:59:59.997' , '01.01.1753 23:59:59.997' ),
( 4 , 3 , 1 , 1 , '01.01.1753 23:59:59.997' , '01.01.1753 23:59:59.997' ),
( 4 , 3 , 1 , 2 , '01.01.1753 23:59:59.997' , '01.01.1753 23:59:59.997' ),
( 4 , 3 , 1 , 3 , '01.01.1753 23:59:59.997' , '01.01.1753 23:59:59.997' ),
( 4 , 3 , 1 , 4 , '01.01.1753 23:59:59.997' , '01.01.1753 23:59:59.997' ),
( 4 , 3 , 2 , 1 , '01.01.1753 23:59:59.997' , '01.01.1753 23:59:59.997' ),
( 4 , 3 , 2 , 2 , '01.01.1753 23:59:59.997' , '01.01.1753 23:59:59.997' ),
( 4 , 3 , 2 , 3 , '01.01.1753 23:59:59.997' , '01.01.1753 23:59:59.997' ),
( 4 , 3 , 2 , 4 , '01.01.1753 23:59:59.997' , '01.01.1753 23:59:59.997' ),
( 4 , 3 , 2 , 1 , '01.01.1753 23:59:59.997' , '01.01.1753 23:59:59.997' ),
( 4 , 3 , 2 , 2 , '01.01.1753 23:59:59.997' , '01.01.1753 23:59:59.997' ),
( 4 , 3 , 2 , 3 , '01.01.1753 23:59:59.997' , '01.01.1753 23:59:59.997' ),
( 4 , 3 , 2 , 4 , '01.01.1753 23:59:59.997' , '01.01.1753 23:59:59.997' ),
( 4 , 3 , 2 , 1 , '01.01.1753 23:59:59.997' , '01.01.1753 23:59:59.997' ),
( 4 , 3 , 2 , 2 , '01.01.1753 23:59:59.997' , '01.01.1753 23:59:59.997' ),
( 4 , 3 , 2 , 3 , '01.01.1753 23:59:59.997' , '01.01.1753 23:59:59.997' ),
( 4 , 3 , 2 , 4 , '01.01.1753 23:59:59.997' , '01.01.1753 23:59:59.997' ),
( 4 , 3 , 2 , 1 , '01.01.1753 23:59:59.997' , '01.01.1753 23:59:59.997' ),
( 4 , 3 , 2 , 2 , '01.01.1753 23:59:59.997' , '01.01.1753 23:59:59.997' ),
( 4 , 3 , 2 , 3 , '01.01.1753 23:59:59.997' , '01.01.1753 23:59:59.997' ),
( 4 , 3 , 2 , 4 , '01.01.1753 23:59:59.997' , '01.01.1753 23:59:59.997' ),
( 4 , 3 , 3 , 1 , '01.01.1753 23:59:59.997' , '01.01.1753 23:59:59.997' ),
( 4 , 3 , 3 , 2 , '01.01.1753 23:59:59.997' , '01.01.1753 23:59:59.997' ),
( 4 , 3 , 3 , 3 , '01.01.1753 23:59:59.997' , '01.01.1753 23:59:59.997' ),
( 4 , 3 , 3 , 4 , '01.01.1753 23:59:59.997' , '01.01.1753 23:59:59.997' ),
( 4 , 3 , 3 , 1 , '01.01.1753 23:59:59.997' , '01.01.1753 23:59:59.997' ),
( 4 , 3 , 3 , 2 , '01.01.1753 23:59:59.997' , '01.01.1753 23:59:59.997' ),
( 4 , 3 , 3 , 3 , '01.01.1753 23:59:59.997' , '01.01.1753 23:59:59.997' ),
( 4 , 3 , 3 , 4 , '01.01.1753 23:59:59.997' , '01.01.1753 23:59:59.997' ),
( 4 , 3 , 3 , 1 , '01.01.1753 23:59:59.997' , '01.01.1753 23:59:59.997' ),
( 4 , 3 , 3 , 2 , '01.01.1753 23:59:59.997' , '01.01.1753 23:59:59.997' ),
( 4 , 3 , 3 , 3 , '01.01.1753 23:59:59.997' , '01.01.1753 23:59:59.997' ),
( 4 , 3 , 3 , 4 , '01.01.1753 23:59:59.997' , '01.01.1753 23:59:59.997' ),
( 4 , 3 , 3 , 1 , '01.01.1753 23:59:59.997' , '01.01.1753 23:59:59.997' ),
( 4 , 3 , 3 , 2 , '01.01.1753 23:59:59.997' , '01.01.1753 23:59:59.997' ),
( 4 , 3 , 3 , 3 , '01.01.1753 23:59:59.997' , '01.01.1753 23:59:59.997' ),
( 4 , 3 , 3 , 4 , '01.01.1753 23:59:59.997' , '01.01.1753 23:59:59.997' ),
( 5 , 1 , 1 , 1 , '01.01.1753 23:59:59.997' , '01.01.1753 23:59:59.997' ),
( 5 , 1 , 1 , 2 , '01.01.1753 23:59:59.997' , '01.01.1753 23:59:59.997' ),
( 5 , 1 , 1 , 3 , '01.01.1753 23:59:59.997' , '01.01.1753 23:59:59.997' ),
( 5 , 1 , 1 , 4 , '01.01.1753 23:59:59.997' , '01.01.1753 23:59:59.997' ),
( 5 , 1 , 1 , 1 , '01.01.1753 23:59:59.997' , '01.01.1753 23:59:59.997' ),
( 5 , 1 , 1 , 2 , '01.01.1753 23:59:59.997' , '01.01.1753 23:59:59.997' ),
( 5 , 1 , 1 , 3 , '01.01.1753 23:59:59.997' , '01.01.1753 23:59:59.997' ),
( 5 , 1 , 1 , 4 , '01.01.1753 23:59:59.997' , '01.01.1753 23:59:59.997' ),
( 5 , 1 , 1 , 1 , '01.01.1753 23:59:59.997' , '01.01.1753 23:59:59.997' ),
( 5 , 1 , 1 , 2 , '01.01.1753 23:59:59.997' , '01.01.1753 23:59:59.997' ),
( 5 , 1 , 1 , 3 , '01.01.1753 23:59:59.997' , '01.01.1753 23:59:59.997' ),
( 5 , 1 , 1 , 4 , '01.01.1753 23:59:59.997' , '01.01.1753 23:59:59.997' ),
( 5 , 1 , 1 , 1 , '01.01.1753 23:59:59.997' , '01.01.1753 23:59:59.997' ),
( 5 , 1 , 1 , 2 , '01.01.1753 23:59:59.997' , '01.01.1753 23:59:59.997' ),
( 5 , 1 , 1 , 3 , '01.01.1753 23:59:59.997' , '01.01.1753 23:59:59.997' ),
( 5 , 1 , 1 , 4 , '01.01.1753 23:59:59.997' , '01.01.1753 23:59:59.997' ),
( 5 , 1 , 2 , 1 , '01.01.1753 23:59:59.997' , '01.01.1753 23:59:59.997' ),
( 5 , 1 , 2 , 2 , '01.01.1753 23:59:59.997' , '01.01.1753 23:59:59.997' ),
( 5 , 1 , 2 , 3 , '01.01.1753 23:59:59.997' , '01.01.1753 23:59:59.997' ),
( 5 , 1 , 2 , 4 , '01.01.1753 23:59:59.997' , '01.01.1753 23:59:59.997' ),
( 5 , 1 , 2 , 1 , '01.01.1753 23:59:59.997' , '01.01.1753 23:59:59.997' ),
( 5 , 1 , 2 , 2 , '01.01.1753 23:59:59.997' , '01.01.1753 23:59:59.997' ),
( 5 , 1 , 2 , 3 , '01.01.1753 23:59:59.997' , '01.01.1753 23:59:59.997' ),
( 5 , 1 , 2 , 4 , '01.01.1753 23:59:59.997' , '01.01.1753 23:59:59.997' ),
( 5 , 1 , 2 , 1 , '01.01.1753 23:59:59.997' , '01.01.1753 23:59:59.997' ),
( 5 , 1 , 2 , 2 , '01.01.1753 23:59:59.997' , '01.01.1753 23:59:59.997' ),
( 5 , 1 , 2 , 3 , '01.01.1753 23:59:59.997' , '01.01.1753 23:59:59.997' ),
( 5 , 1 , 2 , 4 , '01.01.1753 23:59:59.997' , '01.01.1753 23:59:59.997' ),
( 5 , 1 , 2 , 1 , '01.01.1753 23:59:59.997' , '01.01.1753 23:59:59.997' ),
( 5 , 1 , 2 , 2 , '01.01.1753 23:59:59.997' , '01.01.1753 23:59:59.997' ),
( 5 , 1 , 2 , 3 , '01.01.1753 23:59:59.997' , '01.01.1753 23:59:59.997' ),
( 5 , 1 , 2 , 4 , '01.01.1753 23:59:59.997' , '01.01.1753 23:59:59.997' ),
( 5 , 1 , 3 , 1 , '01.01.1753 23:59:59.997' , '01.01.1753 23:59:59.997' ),
( 5 , 1 , 3 , 2 , '01.01.1753 23:59:59.997' , '01.01.1753 23:59:59.997' ),
( 5 , 1 , 3 , 3 , '01.01.1753 23:59:59.997' , '01.01.1753 23:59:59.997' ),
( 5 , 1 , 3 , 4 , '01.01.1753 23:59:59.997' , '01.01.1753 23:59:59.997' ),
( 5 , 1 , 3 , 1 , '01.01.1753 23:59:59.997' , '01.01.1753 23:59:59.997' ),
( 5 , 1 , 3 , 2 , '01.01.1753 23:59:59.997' , '01.01.1753 23:59:59.997' ),
( 5 , 1 , 3 , 3 , '01.01.1753 23:59:59.997' , '01.01.1753 23:59:59.997' ),
( 5 , 1 , 3 , 4 , '01.01.1753 23:59:59.997' , '01.01.1753 23:59:59.997' ),
( 5 , 1 , 3 , 1 , '01.01.1753 23:59:59.997' , '01.01.1753 23:59:59.997' ),
( 5 , 1 , 3 , 2 , '01.01.1753 23:59:59.997' , '01.01.1753 23:59:59.997' ),
( 5 , 1 , 3 , 3 , '01.01.1753 23:59:59.997' , '01.01.1753 23:59:59.997' ),
( 5 , 1 , 3 , 4 , '01.01.1753 23:59:59.997' , '01.01.1753 23:59:59.997' ),
( 5 , 1 , 3 , 1 , '01.01.1753 23:59:59.997' , '01.01.1753 23:59:59.997' ),
( 5 , 1 , 3 , 2 , '01.01.1753 23:59:59.997' , '01.01.1753 23:59:59.997' ),
( 5 , 1 , 3 , 3 , '01.01.1753 23:59:59.997' , '01.01.1753 23:59:59.997' ),
( 5 , 1 , 3 , 4 , '01.01.1753 23:59:59.997' , '01.01.1753 23:59:59.997' ),
( 5 , 2 , 1 , 1 , '01.01.1753 23:59:59.997' , '01.01.1753 23:59:59.997' ),
( 5 , 2 , 1 , 2 , '01.01.1753 23:59:59.997' , '01.01.1753 23:59:59.997' ),
( 5 , 2 , 1 , 3 , '01.01.1753 23:59:59.997' , '01.01.1753 23:59:59.997' ),
( 5 , 2 , 1 , 4 , '01.01.1753 23:59:59.997' , '01.01.1753 23:59:59.997' ),
( 5 , 2 , 1 , 1 , '01.01.1753 23:59:59.997' , '01.01.1753 23:59:59.997' ),
( 5 , 2 , 1 , 2 , '01.01.1753 23:59:59.997' , '01.01.1753 23:59:59.997' ),
( 5 , 2 , 1 , 3 , '01.01.1753 23:59:59.997' , '01.01.1753 23:59:59.997' ),
( 5 , 2 , 1 , 4 , '01.01.1753 23:59:59.997' , '01.01.1753 23:59:59.997' ),
( 5 , 2 , 1 , 1 , '01.01.1753 23:59:59.997' , '01.01.1753 23:59:59.997' ),
( 5 , 2 , 1 , 2 , '01.01.1753 23:59:59.997' , '01.01.1753 23:59:59.997' ),
( 5 , 2 , 1 , 3 , '01.01.1753 23:59:59.997' , '01.01.1753 23:59:59.997' ),
( 5 , 2 , 1 , 4 , '01.01.1753 23:59:59.997' , '01.01.1753 23:59:59.997' ),
( 5 , 2 , 1 , 1 , '01.01.1753 23:59:59.997' , '01.01.1753 23:59:59.997' ),
( 5 , 2 , 1 , 2 , '01.01.1753 23:59:59.997' , '01.01.1753 23:59:59.997' ),
( 5 , 2 , 1 , 3 , '01.01.1753 23:59:59.997' , '01.01.1753 23:59:59.997' ),
( 5 , 2 , 1 , 4 , '01.01.1753 23:59:59.997' , '01.01.1753 23:59:59.997' ),
( 5 , 2 , 2 , 1 , '01.01.1753 23:59:59.997' , '01.01.1753 23:59:59.997' ),
( 5 , 2 , 2 , 2 , '01.01.1753 23:59:59.997' , '01.01.1753 23:59:59.997' ),
( 5 , 2 , 2 , 3 , '01.01.1753 23:59:59.997' , '01.01.1753 23:59:59.997' ),
( 5 , 2 , 2 , 4 , '01.01.1753 23:59:59.997' , '01.01.1753 23:59:59.997' ),
( 5 , 2 , 2 , 1 , '01.01.1753 23:59:59.997' , '01.01.1753 23:59:59.997' ),
( 5 , 2 , 2 , 2 , '01.01.1753 23:59:59.997' , '01.01.1753 23:59:59.997' ),
( 5 , 2 , 2 , 3 , '01.01.1753 23:59:59.997' , '01.01.1753 23:59:59.997' ),
( 5 , 2 , 2 , 4 , '01.01.1753 23:59:59.997' , '01.01.1753 23:59:59.997' ),
( 5 , 2 , 2 , 1 , '01.01.1753 23:59:59.997' , '01.01.1753 23:59:59.997' ),
( 5 , 2 , 2 , 2 , '01.01.1753 23:59:59.997' , '01.01.1753 23:59:59.997' ),
( 5 , 2 , 2 , 3 , '01.01.1753 23:59:59.997' , '01.01.1753 23:59:59.997' ),
( 5 , 2 , 2 , 4 , '01.01.1753 23:59:59.997' , '01.01.1753 23:59:59.997' ),
( 5 , 2 , 2 , 1 , '01.01.1753 23:59:59.997' , '01.01.1753 23:59:59.997' ),
( 5 , 2 , 2 , 2 , '01.01.1753 23:59:59.997' , '01.01.1753 23:59:59.997' ),
( 5 , 2 , 2 , 3 , '01.01.1753 23:59:59.997' , '01.01.1753 23:59:59.997' ),
( 5 , 2 , 2 , 4 , '01.01.1753 23:59:59.997' , '01.01.1753 23:59:59.997' ),
( 5 , 2 , 3 , 1 , '01.01.1753 23:59:59.997' , '01.01.1753 23:59:59.997' ),
( 5 , 2 , 3 , 2 , '01.01.1753 23:59:59.997' , '01.01.1753 23:59:59.997' ),
( 5 , 2 , 3 , 3 , '01.01.1753 23:59:59.997' , '01.01.1753 23:59:59.997' ),
( 5 , 2 , 3 , 4 , '01.01.1753 23:59:59.997' , '01.01.1753 23:59:59.997' ),
( 5 , 2 , 3 , 1 , '01.01.1753 23:59:59.997' , '01.01.1753 23:59:59.997' ),
( 5 , 2 , 3 , 2 , '01.01.1753 23:59:59.997' , '01.01.1753 23:59:59.997' ),
( 5 , 2 , 3 , 3 , '01.01.1753 23:59:59.997' , '01.01.1753 23:59:59.997' ),
( 5 , 2 , 3 , 4 , '01.01.1753 23:59:59.997' , '01.01.1753 23:59:59.997' ),
( 5 , 2 , 3 , 1 , '01.01.1753 23:59:59.997' , '01.01.1753 23:59:59.997' ),
( 5 , 2 , 3 , 2 , '01.01.1753 23:59:59.997' , '01.01.1753 23:59:59.997' ),
( 5 , 2 , 3 , 3 , '01.01.1753 23:59:59.997' , '01.01.1753 23:59:59.997' ),
( 5 , 2 , 3 , 4 , '01.01.1753 23:59:59.997' , '01.01.1753 23:59:59.997' ),
( 5 , 2 , 3 , 1 , '01.01.1753 23:59:59.997' , '01.01.1753 23:59:59.997' ),
( 5 , 2 , 3 , 2 , '01.01.1753 23:59:59.997' , '01.01.1753 23:59:59.997' ),
( 5 , 2 , 3 , 3 , '01.01.1753 23:59:59.997' , '01.01.1753 23:59:59.997' ),
( 5 , 2 , 3 , 4 , '01.01.1753 23:59:59.997' , '01.01.1753 23:59:59.997' ),
( 5 , 3 , 1 , 1 , '01.01.1753 23:59:59.997' , '01.01.1753 23:59:59.997' ),
( 5 , 3 , 1 , 2 , '01.01.1753 23:59:59.997' , '01.01.1753 23:59:59.997' ),
( 5 , 3 , 1 , 3 , '01.01.1753 23:59:59.997' , '01.01.1753 23:59:59.997' ),
( 5 , 3 , 1 , 4 , '01.01.1753 23:59:59.997' , '01.01.1753 23:59:59.997' ),
( 5 , 3 , 1 , 1 , '01.01.1753 23:59:59.997' , '01.01.1753 23:59:59.997' ),
( 5 , 3 , 1 , 2 , '01.01.1753 23:59:59.997' , '01.01.1753 23:59:59.997' ),
( 5 , 3 , 1 , 3 , '01.01.1753 23:59:59.997' , '01.01.1753 23:59:59.997' ),
( 5 , 3 , 1 , 4 , '01.01.1753 23:59:59.997' , '01.01.1753 23:59:59.997' ),
( 5 , 3 , 1 , 1 , '01.01.1753 23:59:59.997' , '01.01.1753 23:59:59.997' ),
( 5 , 3 , 1 , 2 , '01.01.1753 23:59:59.997' , '01.01.1753 23:59:59.997' ),
( 5 , 3 , 1 , 3 , '01.01.1753 23:59:59.997' , '01.01.1753 23:59:59.997' ),
( 5 , 3 , 1 , 4 , '01.01.1753 23:59:59.997' , '01.01.1753 23:59:59.997' ),
( 5 , 3 , 1 , 1 , '01.01.1753 23:59:59.997' , '01.01.1753 23:59:59.997' ),
( 5 , 3 , 1 , 2 , '01.01.1753 23:59:59.997' , '01.01.1753 23:59:59.997' ),
( 5 , 3 , 1 , 3 , '01.01.1753 23:59:59.997' , '01.01.1753 23:59:59.997' ),
( 5 , 3 , 1 , 4 , '01.01.1753 23:59:59.997' , '01.01.1753 23:59:59.997' ),
( 5 , 3 , 2 , 1 , '01.01.1753 23:59:59.997' , '01.01.1753 23:59:59.997' ),
( 5 , 3 , 2 , 2 , '01.01.1753 23:59:59.997' , '01.01.1753 23:59:59.997' ),
( 5 , 3 , 2 , 3 , '01.01.1753 23:59:59.997' , '01.01.1753 23:59:59.997' ),
( 5 , 3 , 2 , 4 , '01.01.1753 23:59:59.997' , '01.01.1753 23:59:59.997' ),
( 5 , 3 , 2 , 1 , '01.01.1753 23:59:59.997' , '01.01.1753 23:59:59.997' ),
( 5 , 3 , 2 , 2 , '01.01.1753 23:59:59.997' , '01.01.1753 23:59:59.997' ),
( 5 , 3 , 2 , 3 , '01.01.1753 23:59:59.997' , '01.01.1753 23:59:59.997' ),
( 5 , 3 , 2 , 4 , '01.01.1753 23:59:59.997' , '01.01.1753 23:59:59.997' ),
( 5 , 3 , 2 , 1 , '01.01.1753 23:59:59.997' , '01.01.1753 23:59:59.997' ),
( 5 , 3 , 2 , 2 , '01.01.1753 23:59:59.997' , '01.01.1753 23:59:59.997' ),
( 5 , 3 , 2 , 3 , '01.01.1753 23:59:59.997' , '01.01.1753 23:59:59.997' ),
( 5 , 3 , 2 , 4 , '01.01.1753 23:59:59.997' , '01.01.1753 23:59:59.997' ),
( 5 , 3 , 2 , 1 , '01.01.1753 23:59:59.997' , '01.01.1753 23:59:59.997' ),
( 5 , 3 , 2 , 2 , '01.01.1753 23:59:59.997' , '01.01.1753 23:59:59.997' ),
( 5 , 3 , 2 , 3 , '01.01.1753 23:59:59.997' , '01.01.1753 23:59:59.997' ),
( 5 , 3 , 2 , 4 , '01.01.1753 23:59:59.997' , '01.01.1753 23:59:59.997' ),
( 5 , 3 , 3 , 1 , '01.01.1753 23:59:59.997' , '01.01.1753 23:59:59.997' ),
( 5 , 3 , 3 , 2 , '01.01.1753 23:59:59.997' , '01.01.1753 23:59:59.997' ),
( 5 , 3 , 3 , 3 , '01.01.1753 23:59:59.997' , '01.01.1753 23:59:59.997' ),
( 5 , 3 , 3 , 4 , '01.01.1753 23:59:59.997' , '01.01.1753 23:59:59.997' ),
( 5 , 3 , 3 , 1 , '01.01.1753 23:59:59.997' , '01.01.1753 23:59:59.997' ),
( 5 , 3 , 3 , 2 , '01.01.1753 23:59:59.997' , '01.01.1753 23:59:59.997' ),
( 5 , 3 , 3 , 3 , '01.01.1753 23:59:59.997' , '01.01.1753 23:59:59.997' ),
( 5 , 3 , 3 , 4 , '01.01.1753 23:59:59.997' , '01.01.1753 23:59:59.997' ),
( 5 , 3 , 3 , 1 , '01.01.1753 23:59:59.997' , '01.01.1753 23:59:59.997' ),
( 5 , 3 , 3 , 2 , '01.01.1753 23:59:59.997' , '01.01.1753 23:59:59.997' ),
( 5 , 3 , 3 , 3 , '01.01.1753 23:59:59.997' , '01.01.1753 23:59:59.997' ),
( 5 , 3 , 3 , 4 , '01.01.1753 23:59:59.997' , '01.01.1753 23:59:59.997' ),
( 5 , 3 , 3 , 1 , '01.01.1753 23:59:59.997' , '01.01.1753 23:59:59.997' ),
( 5 , 3 , 3 , 2 , '01.01.1753 23:59:59.997' , '01.01.1753 23:59:59.997' ),
( 5 , 3 , 3 , 3 , '01.01.1753 23:59:59.997' , '01.01.1753 23:59:59.997' ),
( 5 , 3 , 3 , 4 , '01.01.1753 23:59:59.997' , '01.01.1753 23:59:59.997' )



exec del_all_and_add_test


select * from client
select * from DOCTOR
select * from [services]
select * from [address]
select * from timetable
